Domain queried,Query_Packet_Creation_s,Wait_for_Encrypted_Response_s,Response_Decryption_and_Verification_s,Total_Time_s
quic.aiortc.org,0.000404,0.318367,0.000610,0.319381
quic.aiortc.org,0.000638,0.387816,0.000474,0.388928
quic.aiortc.org,0.000569,0.347719,0.000470,0.348759
quic.aiortc.org,0.000582,0.331489,0.000454,0.332525
quic.aiortc.org,0.000500,0.351992,0.000413,0.352906
quic.aiortc.org,0.000461,0.343263,0.000501,0.344225
quic.aiortc.org,0.000620,0.245057,0.000444,0.246120
quic.aiortc.org,0.000616,0.336498,0.000521,0.337635
quic.aiortc.org,0.000598,0.333059,0.000441,0.334099
quic.aiortc.org,0.000616,0.340236,0.000509,0.341361
quic.aiortc.org,0.000617,0.230140,0.000419,0.231176
quic.aiortc.org,0.000559,0.344977,0.000468,0.346004
quic.aiortc.org,0.000572,0.241793,0.000519,0.242883
quic.aiortc.org,0.000616,0.334556,0.000474,0.335646
quic.aiortc.org,0.000616,0.402703,0.000469,0.403787
quic.aiortc.org,0.000535,0.339819,0.000469,0.340823
quic.aiortc.org,0.000627,0.358001,0.000451,0.359078
quic.aiortc.org,0.000623,0.318553,0.000442,0.319618
quic.aiortc.org,0.000613,0.326411,0.000512,0.327535
quic.aiortc.org,0.000628,0.274071,0.000450,0.275150
quic.aiortc.org,0.000613,0.345838,0.000447,0.346898
quic.aiortc.org,0.000571,0.275572,0.000399,0.276542
quic.aiortc.org,0.000581,0.421734,0.000440,0.422755
quic.aiortc.org,0.000571,0.323921,0.000475,0.324966
quic.aiortc.org,0.000582,0.365798,0.000489,0.366868
quic.aiortc.org,0.000618,0.418168,0.000451,0.419237
quic.aiortc.org,0.000584,0.237087,0.000480,0.238151
quic.aiortc.org,0.000611,0.284654,0.000489,0.285753
quic.aiortc.org,0.000588,0.340684,0.000513,0.341785
quic.aiortc.org,0.000618,0.299111,0.000449,0.300178
quic.aiortc.org,0.000453,0.310678,0.000425,0.311556
quic.aiortc.org,0.000623,0.241723,0.000450,0.242795
quic.aiortc.org,0.000620,0.390084,0.000469,0.391173
quic.aiortc.org,0.000623,0.331506,0.000462,0.332590
quic.aiortc.org,0.000577,0.266348,0.000446,0.267371
quic.aiortc.org,0.000576,0.262753,0.000437,0.263766
quic.aiortc.org,0.000533,0.355905,0.000455,0.356892
quic.aiortc.org,0.000570,0.230297,0.000446,0.231313
quic.aiortc.org,0.000623,0.323231,0.000473,0.324327
quic.aiortc.org,0.000620,0.282631,0.000496,0.283746
quic.aiortc.org,0.000609,0.318125,0.000447,0.319181
quic.aiortc.org,0.000581,0.242037,0.000463,0.243082
quic.aiortc.org,0.000457,0.261750,0.000460,0.262667
quic.aiortc.org,0.000591,0.382802,0.000465,0.383858
quic.aiortc.org,0.000615,0.245566,0.000475,0.246656
quic.aiortc.org,0.000623,0.244652,0.000510,0.245785
quic.aiortc.org,0.000624,0.304804,0.000441,0.305869
quic.aiortc.org,0.000624,0.318549,0.000515,0.319687
quic.aiortc.org,0.000592,0.340426,0.000483,0.341501
quic.aiortc.org,0.000598,0.246229,0.000448,0.247275
quic.aiortc.org,0.000585,0.336040,0.000460,0.337085
quic.aiortc.org,0.000572,0.379782,0.000507,0.380860
quic.aiortc.org,0.000625,0.327582,0.000510,0.328718
quic.aiortc.org,0.000571,0.277706,0.000480,0.278758
quic.aiortc.org,0.000619,0.436556,0.000510,0.437685
quic.aiortc.org,0.000609,0.246791,0.000504,0.247905
quic.aiortc.org,0.000596,0.356065,0.000453,0.357113
quic.aiortc.org,0.000625,0.261297,0.000505,0.262427
quic.aiortc.org,0.000627,0.349427,0.000468,0.350523
quic.aiortc.org,0.000631,0.340812,0.000506,0.341949
quic.aiortc.org,0.000613,0.282461,0.000481,0.283555
quic.aiortc.org,0.000604,0.318539,0.000470,0.319613
quic.aiortc.org,0.000566,0.224202,0.000453,0.225221
quic.aiortc.org,0.000561,0.235080,0.000450,0.236091
quic.aiortc.org,0.000597,0.388052,0.000474,0.389122
quic.aiortc.org,0.000525,0.402331,0.000447,0.403303
quic.aiortc.org,0.000580,0.240787,0.000447,0.241814
quic.aiortc.org,0.000581,0.282013,0.000510,0.283104
quic.aiortc.org,0.000618,0.271118,0.000442,0.272178
quic.aiortc.org,0.000540,0.245740,0.000440,0.246720
quic.aiortc.org,0.000575,0.267651,0.000448,0.268675
quic.aiortc.org,0.000573,0.234966,0.000499,0.236037
quic.aiortc.org,0.000616,0.343362,0.000469,0.344448
quic.aiortc.org,0.000507,0.245451,0.000396,0.246354
quic.aiortc.org,0.000587,0.282347,0.000460,0.283394
quic.aiortc.org,0.000528,0.249467,0.000444,0.250440
quic.aiortc.org,0.000581,0.283841,0.000452,0.284874
quic.aiortc.org,0.000576,0.328366,0.000440,0.329381
quic.aiortc.org,0.000453,0.237381,0.000447,0.238281
quic.aiortc.org,0.000533,0.244437,0.000452,0.245422
quic.aiortc.org,0.000562,0.337369,0.000428,0.338359
quic.aiortc.org,0.000626,0.363749,0.000502,0.364877
quic.aiortc.org,0.000632,0.318220,0.000412,0.319265
quic.aiortc.org,0.000537,0.242043,0.000502,0.243081
quic.aiortc.org,0.000667,0.273629,0.000465,0.274761
quic.aiortc.org,0.000640,0.243037,0.000448,0.244126
quic.aiortc.org,0.000679,0.235214,0.000494,0.236387
quic.aiortc.org,0.000643,0.243233,0.000555,0.244431
quic.aiortc.org,0.000668,0.256675,0.000502,0.257845
quic.aiortc.org,0.000666,0.237464,0.000480,0.238610
quic.aiortc.org,0.000630,0.244808,0.000555,0.245994
quic.aiortc.org,0.000794,0.255865,0.000556,0.257214
quic.aiortc.org,0.000677,0.243305,0.000551,0.244533
quic.aiortc.org,0.000664,0.333071,0.000486,0.334221
quic.aiortc.org,0.000614,0.246600,0.000453,0.247666
quic.aiortc.org,0.000638,0.264882,0.000477,0.265998
quic.aiortc.org,0.000645,0.261840,0.000555,0.263041
quic.aiortc.org,0.000610,0.341531,0.000551,0.342691
quic.aiortc.org,0.000676,0.237364,0.000494,0.238534
quic.aiortc.org,0.000432,0.329511,0.000449,0.330392
google.com,0.000588,0.226748,0.000571,0.227907
google.com,0.000659,0.318870,0.000455,0.319984
google.com,0.000568,0.317973,0.000452,0.318994
google.com,0.000573,0.224907,0.000456,0.225935
google.com,0.000562,0.328964,0.000426,0.329953
google.com,0.000604,0.241712,0.000429,0.242745
google.com,0.000568,0.337451,0.000486,0.338504
google.com,0.000607,0.241744,0.000472,0.242822
google.com,0.000568,0.241591,0.000452,0.242611
google.com,0.000560,0.269840,0.000453,0.270852
google.com,0.000562,0.225924,0.000451,0.226937
google.com,0.000598,0.530062,0.000425,0.531085
google.com,0.000613,0.312223,0.000455,0.313292
google.com,0.000568,0.247787,0.000487,0.248843
google.com,0.000615,0.244567,0.000427,0.245609
google.com,0.000575,0.230144,0.000428,0.231146
google.com,0.000601,0.227362,0.000461,0.228424
google.com,0.000579,0.248401,0.000430,0.249410
google.com,0.000576,0.316057,0.000455,0.317088
google.com,0.000607,0.310421,0.000428,0.311456
google.com,0.000542,0.239053,0.000543,0.240138
google.com,0.000597,0.239080,0.000432,0.240109
google.com,0.000573,0.318487,0.000437,0.319497
google.com,0.000611,0.240222,0.000455,0.241287
google.com,0.000577,0.327148,0.000401,0.328126
google.com,0.000606,0.237187,0.000457,0.238249
google.com,0.000573,0.243595,0.000424,0.244591
google.com,0.000545,0.223816,0.000409,0.224770
google.com,0.000482,0.322113,0.000453,0.323047
google.com,0.000592,0.241695,0.000465,0.242752
google.com,0.000614,0.339598,0.000460,0.340672
google.com,0.000608,0.333585,0.000451,0.334645
google.com,0.000576,0.254686,0.000454,0.255717
google.com,0.000502,0.230371,0.000432,0.231304
google.com,0.000604,0.325903,0.000433,0.326940
google.com,0.000606,0.244270,0.000458,0.245333
google.com,0.000566,0.223501,0.000430,0.224496
google.com,0.000471,0.322975,0.000453,0.323899
google.com,0.000568,0.228759,0.000471,0.229797
google.com,0.000605,0.312086,0.000439,0.313130
google.com,0.000605,0.243622,0.000430,0.244657
google.com,0.000624,0.240415,0.000496,0.241536
google.com,0.000619,0.319313,0.000421,0.320353
google.com,0.000538,0.316303,0.000435,0.317275
google.com,0.000602,0.241336,0.000464,0.242402
google.com,0.000612,0.323985,0.000429,0.325026
google.com,0.000587,0.246698,0.000429,0.247714
google.com,0.000622,0.243157,0.000452,0.244231
google.com,0.000462,0.237804,0.000424,0.238690
google.com,0.000528,0.334137,0.000468,0.335133
google.com,0.000568,0.241712,0.000454,0.242735
google.com,0.000606,0.240057,0.000386,0.241049
google.com,0.000617,0.240917,0.000426,0.241961
google.com,0.000562,0.236563,0.000430,0.237555
google.com,0.000594,0.228813,0.000428,0.229836
google.com,0.000612,0.316759,0.000424,0.317796
google.com,0.000601,0.316695,0.000401,0.317697
google.com,0.000509,0.317802,0.000488,0.318798
google.com,0.000528,0.230177,0.000404,0.231110
google.com,0.000543,0.244622,0.000430,0.245596
google.com,0.000622,0.256159,0.000454,0.257235
google.com,0.000566,0.236397,0.000434,0.237397
google.com,0.000581,0.351922,0.000446,0.352948
google.com,0.000565,0.221252,0.000433,0.222250
google.com,0.000613,0.230405,0.000484,0.231502
google.com,0.000616,0.230865,0.000443,0.231925
google.com,0.000611,0.236740,0.000432,0.237782
google.com,0.000652,0.311184,0.000456,0.312292
google.com,0.000569,0.229447,0.000380,0.230397
google.com,0.000577,0.242410,0.000487,0.243474
google.com,0.000616,0.350888,0.000433,0.351937
google.com,0.000630,0.249303,0.000461,0.250394
google.com,0.000561,0.240541,0.000428,0.241529
google.com,0.000570,0.243567,0.000444,0.244582
google.com,0.000570,0.246928,0.000452,0.247949
google.com,0.000571,0.240347,0.000432,0.241350
google.com,0.000608,0.245320,0.000487,0.246415
google.com,0.000590,0.230991,0.000438,0.232019
google.com,0.000620,0.242388,0.000468,0.243476
google.com,0.000583,0.241961,0.000440,0.242984
google.com,0.000675,0.237589,0.000416,0.238679
google.com,0.000805,0.250722,0.000512,0.252039
google.com,0.000605,0.243443,0.000435,0.244483
google.com,0.000635,0.241945,0.000457,0.243037
google.com,0.000611,0.227793,0.000534,0.228938
google.com,0.000674,0.328406,0.000484,0.329564
google.com,0.000662,0.249266,0.000510,0.250438
google.com,0.000597,0.310725,0.000530,0.311852
google.com,0.000626,0.336898,0.000501,0.338025
google.com,0.000752,0.238829,0.000467,0.240048
google.com,0.000602,0.248884,0.000448,0.249934
google.com,0.000777,0.245311,0.000433,0.246521
google.com,0.000569,0.236128,0.000539,0.237236
google.com,0.000674,0.317159,0.000539,0.318372
google.com,0.000672,0.240323,0.000524,0.241519
google.com,0.000638,0.245275,0.000441,0.246354
google.com,0.000606,0.241199,0.000451,0.242255
google.com,0.000556,0.226167,0.000436,0.227160
google.com,0.000634,0.247445,0.000453,0.248533
google.com,0.000583,0.317771,0.000481,0.318835
dns.adguard.com,0.000531,0.248124,0.000643,0.249299
dns.adguard.com,0.000491,0.247375,0.000570,0.248435
dns.adguard.com,0.000604,0.228278,0.000476,0.229358
dns.adguard.com,0.000611,0.240005,0.000481,0.241097
dns.adguard.com,0.000627,0.235005,0.000503,0.236135
dns.adguard.com,0.000574,0.226686,0.000509,0.227769
dns.adguard.com,0.000569,0.243460,0.000481,0.244510
dns.adguard.com,0.000493,0.246096,0.000515,0.247104
dns.adguard.com,0.000597,0.233630,0.000531,0.234758
dns.adguard.com,0.000564,0.239274,0.000473,0.240312
dns.adguard.com,0.000560,0.246527,0.000470,0.247557
dns.adguard.com,0.000576,0.240499,0.000479,0.241553
dns.adguard.com,0.000544,0.241766,0.000477,0.242787
dns.adguard.com,0.000453,0.249609,0.000446,0.250507
dns.adguard.com,0.000612,0.242295,0.000507,0.243414
dns.adguard.com,0.000612,0.242315,0.000483,0.243410
dns.adguard.com,0.000503,0.312259,0.000540,0.313302
dns.adguard.com,0.000609,0.245625,0.000521,0.246756
dns.adguard.com,0.000609,0.238370,0.000474,0.239454
dns.adguard.com,0.000569,0.243466,0.000394,0.244429
dns.adguard.com,0.000552,0.247785,0.000477,0.248815
dns.adguard.com,0.000561,0.238905,0.000498,0.239965
dns.adguard.com,0.000516,0.238833,0.000504,0.239853
dns.adguard.com,0.000616,0.237502,0.000507,0.238625
dns.adguard.com,0.000576,0.255713,0.000524,0.256813
dns.adguard.com,0.000599,0.242701,0.000535,0.243835
dns.adguard.com,0.000615,0.228532,0.000529,0.229676
dns.adguard.com,0.000612,0.243448,0.000479,0.244539
dns.adguard.com,0.000569,0.238794,0.000518,0.239881
dns.adguard.com,0.000597,0.240277,0.000468,0.241342
dns.adguard.com,0.000461,0.239222,0.000538,0.240221
dns.adguard.com,0.000615,0.237031,0.000494,0.238141
dns.adguard.com,0.000518,0.245890,0.000497,0.246906
dns.adguard.com,0.000618,0.319309,0.000465,0.320392
dns.adguard.com,0.000573,0.241104,0.000528,0.242204
dns.adguard.com,0.000614,0.225580,0.000481,0.226674
dns.adguard.com,0.000613,0.312050,0.000487,0.313149
dns.adguard.com,0.000608,0.242856,0.000439,0.243903
dns.adguard.com,0.000527,0.316488,0.000476,0.317491
dns.adguard.com,0.000507,0.230827,0.000481,0.231814
dns.adguard.com,0.000577,0.224911,0.000499,0.225987
dns.adguard.com,0.000590,0.312375,0.000479,0.313444
dns.adguard.com,0.000569,0.240958,0.000545,0.242072
dns.adguard.com,0.000577,0.314013,0.000470,0.315060
dns.adguard.com,0.000571,0.314959,0.000509,0.316039
dns.adguard.com,0.000569,0.255349,0.000480,0.256399
dns.adguard.com,0.000566,0.228183,0.000541,0.229290
dns.adguard.com,0.000537,0.244598,0.000501,0.245636
dns.adguard.com,0.000583,0.311599,0.000499,0.312680
dns.adguard.com,0.000564,0.315822,0.000543,0.316929
dns.adguard.com,0.000607,0.226048,0.000482,0.227137
dns.adguard.com,0.000616,0.250700,0.000474,0.251790
dns.adguard.com,0.000596,0.238394,0.000524,0.239513
dns.adguard.com,0.000612,0.243453,0.000512,0.244577
dns.adguard.com,0.000605,0.251953,0.000453,0.253011
dns.adguard.com,0.000498,0.236303,0.000486,0.237287
dns.adguard.com,0.000571,0.260964,0.000537,0.262072
dns.adguard.com,0.000617,0.246281,0.000492,0.247390
dns.adguard.com,0.000561,0.242841,0.000507,0.243910
dns.adguard.com,0.000557,0.235208,0.000485,0.236251
dns.adguard.com,0.000566,0.220975,0.000508,0.222049
dns.adguard.com,0.000605,0.242673,0.000487,0.243765
dns.adguard.com,0.000612,0.237499,0.000517,0.238627
dns.adguard.com,0.000618,0.231978,0.000481,0.233078
dns.adguard.com,0.000616,0.244779,0.000476,0.245871
dns.adguard.com,0.000571,0.241774,0.000485,0.242830
dns.adguard.com,0.000565,0.242568,0.000484,0.243616
dns.adguard.com,0.000543,0.236825,0.000491,0.237859
dns.adguard.com,0.000577,0.241621,0.000514,0.242711
dns.adguard.com,0.000567,0.239774,0.000504,0.240846
dns.adguard.com,0.000560,0.236723,0.000531,0.237815
dns.adguard.com,0.000606,0.239959,0.000478,0.241042
dns.adguard.com,0.000445,0.264935,0.000485,0.265865
dns.adguard.com,0.000609,0.231865,0.000474,0.232948
dns.adguard.com,0.000575,0.370468,0.000492,0.371535
dns.adguard.com,0.000621,0.233291,0.000532,0.234444
dns.adguard.com,0.000612,0.243388,0.000498,0.244498
dns.adguard.com,0.000464,0.239507,0.000476,0.240448
dns.adguard.com,0.000610,0.242573,0.000479,0.243662
dns.adguard.com,0.000617,0.227370,0.000561,0.228548
dns.adguard.com,0.000651,0.228974,0.000481,0.230107
dns.adguard.com,0.000574,0.249842,0.000501,0.250917
dns.adguard.com,0.000597,0.230646,0.000502,0.231745
dns.adguard.com,0.000619,0.350277,0.000473,0.351369
dns.adguard.com,0.000573,0.227211,0.000484,0.228268
dns.adguard.com,0.000620,0.239946,0.000478,0.241044
dns.adguard.com,0.000569,0.308275,0.000490,0.309334
dns.adguard.com,0.000593,0.239234,0.000501,0.240329
dns.adguard.com,0.000559,0.258316,0.000472,0.259347
dns.adguard.com,0.000581,0.235702,0.000485,0.236768
dns.adguard.com,0.000569,0.317202,0.000485,0.318256
dns.adguard.com,0.000616,0.242540,0.000478,0.243634
dns.adguard.com,0.000601,0.307083,0.000500,0.308184
dns.adguard.com,0.000587,0.310407,0.000478,0.311473
dns.adguard.com,0.000567,0.226657,0.000489,0.227713
dns.adguard.com,0.000565,0.238235,0.000482,0.239283
dns.adguard.com,0.000617,0.238631,0.000473,0.239721
dns.adguard.com,0.000495,0.241290,0.000494,0.242279
dns.adguard.com,0.000594,0.240397,0.000474,0.241465
dns.adguard.com,0.000571,0.243861,0.000513,0.244945
youtube.com,0.000533,0.351088,0.000589,0.352210
youtube.com,0.000660,0.356483,0.000464,0.357607
youtube.com,0.000554,0.339842,0.000439,0.340836
youtube.com,0.000488,0.317484,0.000431,0.318403
youtube.com,0.000591,0.346865,0.000494,0.347950
youtube.com,0.000609,0.338983,0.000434,0.340027
youtube.com,0.000606,0.319651,0.000438,0.320695
youtube.com,0.000606,0.317348,0.000484,0.318438
youtube.com,0.000592,0.402525,0.000470,0.403587
youtube.com,0.000496,0.321074,0.000493,0.322063
youtube.com,0.000608,0.351857,0.000440,0.352905
youtube.com,0.000609,0.360174,0.000453,0.361236
youtube.com,0.000582,0.325967,0.000491,0.327039
youtube.com,0.000616,0.311438,0.000461,0.312515
youtube.com,0.000518,0.317814,0.000452,0.318784
youtube.com,0.000574,0.243864,0.000481,0.244919
youtube.com,0.000611,0.342380,0.000451,0.343442
youtube.com,0.000457,0.245529,0.000438,0.246424
youtube.com,0.000609,0.316122,0.000456,0.317186
youtube.com,0.000578,0.357363,0.000435,0.358376
youtube.com,0.000602,0.330173,0.000456,0.331231
youtube.com,0.000580,0.335107,0.000437,0.336124
youtube.com,0.000600,0.311528,0.000488,0.312616
youtube.com,0.000595,0.321483,0.000457,0.322535
youtube.com,0.000589,0.338515,0.000461,0.339565
youtube.com,0.000571,0.363619,0.000436,0.364626
youtube.com,0.000581,0.246081,0.000485,0.247147
youtube.com,0.000611,0.314337,0.000455,0.315403
youtube.com,0.000463,0.240594,0.000437,0.241494
youtube.com,0.000618,0.243143,0.000449,0.244210
youtube.com,0.000619,0.234378,0.000386,0.235383
youtube.com,0.000588,0.344074,0.000459,0.345122
youtube.com,0.000616,0.239813,0.000480,0.240908
youtube.com,0.000613,0.244302,0.000454,0.245370
youtube.com,0.000579,0.300861,0.000404,0.301844
youtube.com,0.000551,0.321265,0.000431,0.322248
youtube.com,0.000610,0.336310,0.000465,0.337385
youtube.com,0.000588,0.369818,0.000445,0.370850
youtube.com,0.000611,0.228071,0.000439,0.229120
youtube.com,0.000609,0.326987,0.000435,0.328031
youtube.com,0.000583,0.369432,0.000447,0.370461
youtube.com,0.000577,0.244910,0.000453,0.245939
youtube.com,0.000573,0.237913,0.000485,0.238972
youtube.com,0.000611,0.318424,0.000456,0.319491
youtube.com,0.000573,0.239011,0.000489,0.240073
youtube.com,0.000593,0.226002,0.000440,0.227035
youtube.com,0.000608,0.372893,0.000446,0.373948
youtube.com,0.000571,0.238620,0.000386,0.239577
youtube.com,0.000604,0.230625,0.000441,0.231670
youtube.com,0.000556,0.361981,0.000430,0.362967
youtube.com,0.000603,0.244473,0.000484,0.245561
youtube.com,0.000604,0.238828,0.000434,0.239866
youtube.com,0.000607,0.255486,0.000490,0.256582
youtube.com,0.000602,0.322755,0.000494,0.323851
youtube.com,0.000613,0.239021,0.000436,0.240070
youtube.com,0.000602,0.411252,0.000450,0.412304
youtube.com,0.000606,0.345758,0.000488,0.346852
youtube.com,0.000610,0.239480,0.000457,0.240547
youtube.com,0.000571,0.240442,0.000432,0.241446
youtube.com,0.000520,0.344618,0.000436,0.345575
youtube.com,0.000613,0.251624,0.000447,0.252685
youtube.com,0.000608,0.397597,0.000434,0.398639
youtube.com,0.000611,0.240639,0.000443,0.241693
youtube.com,0.000610,0.235005,0.000433,0.236048
youtube.com,0.000453,0.237733,0.000436,0.238622
youtube.com,0.000620,0.330961,0.000423,0.332004
youtube.com,0.000576,0.318106,0.000474,0.319156
youtube.com,0.000605,0.234940,0.000431,0.235976
youtube.com,0.000538,0.397336,0.000457,0.398332
youtube.com,0.000570,0.351595,0.000431,0.352596
youtube.com,0.000495,0.334149,0.000456,0.335099
youtube.com,0.000503,0.403068,0.000480,0.404051
youtube.com,0.000626,0.317160,0.000442,0.318229
youtube.com,0.000564,0.235224,0.000476,0.236265
youtube.com,0.000622,0.326322,0.000452,0.327396
youtube.com,0.000567,0.243529,0.000431,0.244527
youtube.com,0.000569,0.223925,0.000483,0.224976
youtube.com,0.000612,0.233568,0.000460,0.234640
youtube.com,0.000566,0.237688,0.000403,0.238657
youtube.com,0.000565,0.243831,0.000454,0.244850
youtube.com,0.000515,0.324354,0.000436,0.325305
youtube.com,0.000615,0.316438,0.000428,0.317482
youtube.com,0.000609,0.314691,0.000490,0.315789
youtube.com,0.000610,0.373566,0.000501,0.374677
youtube.com,0.000605,0.392466,0.000478,0.393548
youtube.com,0.000569,0.322630,0.000455,0.323654
youtube.com,0.000546,0.240581,0.000440,0.241567
youtube.com,0.000572,0.238717,0.000436,0.239724
youtube.com,0.000569,0.243816,0.000458,0.244844
youtube.com,0.000561,0.249837,0.000457,0.250856
youtube.com,0.000580,0.310474,0.000430,0.311484
youtube.com,0.000573,0.317754,0.000427,0.318754
youtube.com,0.000577,0.313954,0.000478,0.315009
youtube.com,0.000607,0.237998,0.000433,0.239039
youtube.com,0.000598,0.359225,0.000455,0.360278
youtube.com,0.000572,0.315232,0.000425,0.316229
youtube.com,0.000611,0.242695,0.000442,0.243748
youtube.com,0.000609,0.241490,0.000433,0.242532
youtube.com,0.000605,0.318669,0.000476,0.319750
youtube.com,0.000602,0.239248,0.000432,0.240282
facebook.com,0.000545,0.313950,0.000585,0.315079
facebook.com,0.000659,0.360170,0.000440,0.361270
facebook.com,0.000566,0.346769,0.000381,0.347716
facebook.com,0.000565,0.391525,0.000434,0.392524
facebook.com,0.000609,0.339958,0.000447,0.341014
facebook.com,0.000561,0.438701,0.000458,0.439720
facebook.com,0.000564,0.402318,0.000428,0.403310
facebook.com,0.000597,0.339326,0.000484,0.340406
facebook.com,0.000612,0.354637,0.000483,0.355732
facebook.com,0.000611,0.374440,0.000450,0.375501
facebook.com,0.000556,0.370701,0.000449,0.371705
facebook.com,0.000614,0.458043,0.000417,0.459073
facebook.com,0.000605,0.339190,0.000448,0.340244
facebook.com,0.000561,0.462868,0.000493,0.463923
facebook.com,0.000602,0.317169,0.000422,0.318193
facebook.com,0.000561,0.360355,0.000422,0.361339
facebook.com,0.000600,0.259002,0.000420,0.260021
facebook.com,0.000568,0.438994,0.000457,0.440019
facebook.com,0.000606,0.235250,0.000422,0.236278
facebook.com,0.000556,0.328388,0.000492,0.329436
facebook.com,0.000606,0.332883,0.000419,0.333908
facebook.com,0.000577,0.351340,0.000450,0.352366
facebook.com,0.000557,0.237573,0.000428,0.238558
facebook.com,0.000454,0.319628,0.000419,0.320501
facebook.com,0.000476,0.386958,0.000429,0.387863
facebook.com,0.000547,0.332732,0.000382,0.333661
facebook.com,0.000525,0.311854,0.000424,0.312803
facebook.com,0.000612,0.243445,0.000487,0.244545
facebook.com,0.000607,0.317346,0.000442,0.318395
facebook.com,0.000557,0.342906,0.000454,0.343917
facebook.com,0.000591,0.320354,0.000426,0.321371
facebook.com,0.000561,0.339704,0.000428,0.340693
facebook.com,0.000567,0.250684,0.000427,0.251678
facebook.com,0.000570,0.230988,0.000471,0.232029
facebook.com,0.000522,0.308864,0.000467,0.309852
facebook.com,0.000608,0.242321,0.000420,0.243350
facebook.com,0.000560,0.376107,0.000430,0.377097
facebook.com,0.000590,0.239700,0.000475,0.240765
facebook.com,0.000603,0.239292,0.000482,0.240377
facebook.com,0.000562,0.228846,0.000447,0.229855
facebook.com,0.000566,0.319212,0.000472,0.320250
facebook.com,0.000609,0.311504,0.000394,0.312507
facebook.com,0.000610,0.325123,0.000381,0.326114
facebook.com,0.000606,0.341580,0.000430,0.342616
facebook.com,0.000605,0.242576,0.000425,0.243606
facebook.com,0.000490,0.318317,0.000436,0.319243
facebook.com,0.000556,0.246407,0.000432,0.247395
facebook.com,0.000616,0.329110,0.000426,0.330152
facebook.com,0.000454,0.373093,0.000438,0.373985
facebook.com,0.000460,0.244802,0.000401,0.245663
facebook.com,0.000568,0.240842,0.000431,0.241841
facebook.com,0.000563,0.351047,0.000483,0.352092
facebook.com,0.000598,0.242277,0.000398,0.243273
facebook.com,0.000530,0.236181,0.000483,0.237194
facebook.com,0.000555,0.226467,0.000447,0.227470
facebook.com,0.000569,0.274243,0.000430,0.275241
facebook.com,0.000493,0.328190,0.000419,0.329102
facebook.com,0.000567,0.360887,0.000447,0.361901
facebook.com,0.000564,0.315611,0.000430,0.316605
facebook.com,0.000504,0.420026,0.000426,0.420955
facebook.com,0.000560,0.245864,0.000451,0.246875
facebook.com,0.000583,0.327157,0.000430,0.328170
facebook.com,0.000610,0.423226,0.000396,0.424233
facebook.com,0.000572,0.239948,0.000486,0.241006
facebook.com,0.000593,0.241882,0.000431,0.242907
facebook.com,0.000598,0.243264,0.000453,0.244315
facebook.com,0.000588,0.337341,0.000433,0.338361
facebook.com,0.000562,0.359973,0.000449,0.360984
facebook.com,0.000567,0.377346,0.000435,0.378349
facebook.com,0.000498,0.247874,0.000424,0.248796
facebook.com,0.000597,0.330420,0.000493,0.331510
facebook.com,0.000615,0.224339,0.000382,0.225337
facebook.com,0.000558,0.234682,0.000426,0.235666
facebook.com,0.000532,0.318123,0.000434,0.319090
facebook.com,0.000509,0.323108,0.000482,0.324099
facebook.com,0.000608,0.314756,0.000478,0.315842
facebook.com,0.000611,0.246027,0.000380,0.247018
facebook.com,0.000491,0.223336,0.000422,0.224249
facebook.com,0.000540,0.317674,0.000424,0.318637
facebook.com,0.000600,0.242705,0.000499,0.243804
facebook.com,0.000609,0.360298,0.000441,0.361348
facebook.com,0.000564,0.238846,0.000454,0.239863
facebook.com,0.000459,0.243536,0.000432,0.244427
facebook.com,0.000571,0.355719,0.000435,0.356725
facebook.com,0.000488,0.341704,0.000433,0.342626
facebook.com,0.000547,0.235458,0.000490,0.236495
facebook.com,0.000616,0.379989,0.000427,0.381032
facebook.com,0.000616,0.346504,0.000432,0.347552
facebook.com,0.000613,0.231038,0.000423,0.232075
facebook.com,0.000524,0.236852,0.000454,0.237830
facebook.com,0.000574,0.324440,0.000437,0.325452
facebook.com,0.000574,0.245932,0.000422,0.246928
facebook.com,0.000568,0.224170,0.000432,0.225170
facebook.com,0.000568,0.315596,0.000486,0.316649
facebook.com,0.000451,0.334961,0.000489,0.335900
facebook.com,0.000605,0.244683,0.000469,0.245758
facebook.com,0.000620,0.242222,0.000452,0.243294
facebook.com,0.000563,0.334555,0.000425,0.335543
facebook.com,0.000574,0.243181,0.000478,0.244233
facebook.com,0.000588,0.241074,0.000428,0.242090
wikipedia.org,0.000611,0.244177,0.000586,0.245373
wikipedia.org,0.000635,0.242250,0.000476,0.243361
wikipedia.org,0.000589,0.244338,0.000430,0.245357
wikipedia.org,0.000579,0.314887,0.000452,0.315918
wikipedia.org,0.000569,0.242911,0.000481,0.243961
wikipedia.org,0.000588,0.247161,0.000431,0.248180
wikipedia.org,0.000504,0.234632,0.000504,0.235639
wikipedia.org,0.000604,0.246238,0.000433,0.247276
wikipedia.org,0.000596,0.227082,0.000452,0.228130
wikipedia.org,0.000535,0.313974,0.000477,0.314985
wikipedia.org,0.000609,0.227148,0.000431,0.228187
wikipedia.org,0.000611,0.227111,0.000427,0.228148
wikipedia.org,0.000565,0.259592,0.000456,0.260613
wikipedia.org,0.000573,0.246265,0.000406,0.247244
wikipedia.org,0.000590,0.250063,0.000412,0.251065
wikipedia.org,0.000566,0.241779,0.000427,0.242772
wikipedia.org,0.000576,0.312237,0.000432,0.313245
wikipedia.org,0.000594,0.316970,0.000432,0.317996
wikipedia.org,0.000600,0.225383,0.000457,0.226439
wikipedia.org,0.000605,0.232711,0.000448,0.233763
wikipedia.org,0.000611,0.242279,0.000425,0.243315
wikipedia.org,0.000493,0.242713,0.000383,0.243589
wikipedia.org,0.000614,0.315057,0.000437,0.316107
wikipedia.org,0.000570,0.233135,0.000467,0.234173
wikipedia.org,0.000603,0.244186,0.000435,0.245225
wikipedia.org,0.000599,0.308927,0.000431,0.309957
wikipedia.org,0.000578,0.317932,0.000457,0.318967
wikipedia.org,0.000568,0.243925,0.000487,0.244980
wikipedia.org,0.000618,0.236505,0.000465,0.237589
wikipedia.org,0.000608,0.255452,0.000456,0.256517
wikipedia.org,0.000557,0.251906,0.000509,0.252971
wikipedia.org,0.000555,0.244368,0.000458,0.245381
wikipedia.org,0.000675,0.245404,0.000475,0.246554
wikipedia.org,0.000652,0.276084,0.000509,0.277245
wikipedia.org,0.000689,0.230634,0.000538,0.231861
wikipedia.org,0.000684,0.235046,0.000441,0.236171
wikipedia.org,0.000651,0.243941,0.000479,0.245070
wikipedia.org,0.000589,0.225248,0.000411,0.226248
wikipedia.org,0.000552,0.318132,0.000475,0.319159
wikipedia.org,0.000608,0.244713,0.000472,0.245794
wikipedia.org,0.000593,0.238316,0.000411,0.239320
wikipedia.org,0.000449,0.227642,0.000408,0.228499
wikipedia.org,0.000612,0.224904,0.000411,0.225927
wikipedia.org,0.000461,0.244320,0.000437,0.245218
wikipedia.org,0.000549,0.256853,0.000417,0.257819
wikipedia.org,0.000546,0.226653,0.000434,0.227633
wikipedia.org,0.000551,0.241678,0.000414,0.242643
wikipedia.org,0.000553,0.236023,0.000441,0.237017
wikipedia.org,0.000518,0.239540,0.000427,0.240485
wikipedia.org,0.000494,0.311851,0.000430,0.312774
wikipedia.org,0.000561,0.223309,0.000450,0.224320
wikipedia.org,0.000571,0.243394,0.000457,0.244421
wikipedia.org,0.000571,0.241108,0.000430,0.242109
wikipedia.org,0.000456,0.236848,0.000496,0.237800
wikipedia.org,0.000605,0.242350,0.000441,0.243396
wikipedia.org,0.000564,0.238055,0.000488,0.239107
wikipedia.org,0.000615,0.241322,0.000455,0.242392
wikipedia.org,0.000572,0.236090,0.000432,0.237094
wikipedia.org,0.000489,0.318659,0.000498,0.319646
wikipedia.org,0.000621,0.241654,0.000490,0.242765
wikipedia.org,0.000620,0.344437,0.000472,0.345528
wikipedia.org,0.000455,0.253853,0.000428,0.254736
wikipedia.org,0.000478,0.240419,0.000434,0.241331
wikipedia.org,0.000609,0.243649,0.000486,0.244745
wikipedia.org,0.000597,0.241568,0.000497,0.242663
wikipedia.org,0.000612,0.250346,0.000451,0.251409
wikipedia.org,0.000567,0.236441,0.000434,0.237443
wikipedia.org,0.000620,0.222886,0.000427,0.223933
wikipedia.org,0.000541,0.243018,0.000452,0.244011
wikipedia.org,0.000582,0.237541,0.000493,0.238616
wikipedia.org,0.000643,0.248645,0.000534,0.249822
wikipedia.org,0.000687,0.237987,0.000508,0.239182
wikipedia.org,0.000635,0.252045,0.000479,0.253159
wikipedia.org,0.000669,0.221761,0.000440,0.222870
wikipedia.org,0.000684,0.314094,0.000459,0.315237
wikipedia.org,0.000657,0.238029,0.000511,0.239197
wikipedia.org,0.000638,0.251272,0.000496,0.252406
wikipedia.org,0.000677,0.250483,0.000564,0.251724
wikipedia.org,0.000796,0.238125,0.000533,0.239454
wikipedia.org,0.000672,0.240619,0.000438,0.241729
wikipedia.org,0.000625,0.313424,0.000471,0.314520
wikipedia.org,0.000685,0.252552,0.000568,0.253805
wikipedia.org,0.000644,0.239567,0.000511,0.240721
wikipedia.org,0.000637,0.317943,0.000534,0.319114
wikipedia.org,0.000673,0.224988,0.000440,0.226101
wikipedia.org,0.000683,0.224327,0.000487,0.225497
wikipedia.org,0.000632,0.235017,0.000471,0.236120
wikipedia.org,0.000775,0.229617,0.000466,0.230858
wikipedia.org,0.000579,0.228685,0.000455,0.229720
wikipedia.org,0.000583,0.243487,0.000432,0.244503
wikipedia.org,0.000581,0.227574,0.000432,0.228587
wikipedia.org,0.000576,0.237588,0.000435,0.238600
wikipedia.org,0.000629,0.230719,0.000432,0.231780
wikipedia.org,0.000571,0.238120,0.000508,0.239198
wikipedia.org,0.000494,0.315563,0.000434,0.316491
wikipedia.org,0.000563,0.240206,0.000438,0.241207
wikipedia.org,0.000608,0.240004,0.000427,0.241039
wikipedia.org,0.000577,0.244781,0.000425,0.245784
wikipedia.org,0.000600,0.239594,0.000437,0.240630
wikipedia.org,0.000620,0.244099,0.000450,0.245170
instagram.com,0.000288,0.334042,0.000597,0.334926
instagram.com,0.000633,0.343892,0.000479,0.345004
instagram.com,0.000454,0.351992,0.000452,0.352898
instagram.com,0.000608,0.335781,0.000491,0.336880
instagram.com,0.000611,0.360042,0.000429,0.361082
instagram.com,0.000582,0.426018,0.000449,0.427049
instagram.com,0.000561,0.314978,0.000495,0.316034
instagram.com,0.000618,0.330401,0.000454,0.331474
instagram.com,0.000566,0.254207,0.000433,0.255207
instagram.com,0.000448,0.226293,0.000429,0.227170
instagram.com,0.000569,0.446876,0.000459,0.447904
instagram.com,0.000579,0.309157,0.000436,0.310171
instagram.com,0.000607,0.453554,0.000437,0.454599
instagram.com,0.000611,0.311468,0.000496,0.312575
instagram.com,0.000610,0.308411,0.000444,0.309466
instagram.com,0.000617,0.480465,0.000445,0.481527
instagram.com,0.000566,0.381648,0.000444,0.382659
instagram.com,0.000580,0.359562,0.000423,0.360566
instagram.com,0.000515,0.240211,0.000480,0.241207
instagram.com,0.000602,0.307309,0.000447,0.308358
instagram.com,0.000558,0.241552,0.000430,0.242540
instagram.com,0.000566,0.249629,0.000429,0.250624
instagram.com,0.000573,0.358562,0.000400,0.359536
instagram.com,0.000518,0.343893,0.000430,0.344840
instagram.com,0.000607,0.335950,0.000434,0.336990
instagram.com,0.000573,0.298585,0.000429,0.299587
instagram.com,0.000571,0.350396,0.000431,0.351398
instagram.com,0.000615,0.332242,0.000479,0.333336
instagram.com,0.000572,0.321660,0.000460,0.322692
instagram.com,0.000566,0.313852,0.000447,0.314866
instagram.com,0.000562,0.337595,0.000428,0.338585
instagram.com,0.000543,0.231366,0.000425,0.232335
instagram.com,0.000624,0.314347,0.000489,0.315460
instagram.com,0.000552,0.434384,0.000432,0.435368
instagram.com,0.000568,0.395936,0.000436,0.396940
instagram.com,0.000562,0.338575,0.000422,0.339559
instagram.com,0.000515,0.360643,0.000430,0.361589
instagram.com,0.000619,0.342613,0.000434,0.343666
instagram.com,0.000588,0.300565,0.000481,0.301634
instagram.com,0.000611,0.312253,0.000431,0.313294
instagram.com,0.000576,0.336733,0.000455,0.337764
instagram.com,0.000537,0.346465,0.000384,0.347386
instagram.com,0.000600,0.330088,0.000458,0.331146
instagram.com,0.000570,0.244639,0.000455,0.245664
instagram.com,0.000571,0.351209,0.000434,0.352215
instagram.com,0.000638,0.227306,0.000463,0.228408
instagram.com,0.000610,0.332329,0.000428,0.333367
instagram.com,0.000576,0.322435,0.000429,0.323439
instagram.com,0.000610,0.354205,0.000470,0.355285
instagram.com,0.000618,0.236146,0.000427,0.237191
instagram.com,0.000589,0.244094,0.000454,0.245137
instagram.com,0.000568,0.242979,0.000493,0.244040
instagram.com,0.000612,0.362307,0.000455,0.363374
instagram.com,0.000516,0.347660,0.000447,0.348623
instagram.com,0.000558,0.237937,0.000490,0.238985
instagram.com,0.000454,0.328745,0.000458,0.329657
instagram.com,0.000617,0.359600,0.000454,0.360671
instagram.com,0.000572,0.241055,0.000424,0.242051
instagram.com,0.000607,0.420754,0.000428,0.421789
instagram.com,0.000617,0.317246,0.000478,0.318341
instagram.com,0.000518,0.355492,0.000458,0.356468
instagram.com,0.000574,0.240369,0.000434,0.241377
instagram.com,0.000529,0.239094,0.000443,0.240066
instagram.com,0.000551,0.242163,0.000488,0.243202
instagram.com,0.000608,0.246239,0.000441,0.247288
instagram.com,0.000571,0.233681,0.000450,0.234702
instagram.com,0.000567,0.325568,0.000422,0.326557
instagram.com,0.000450,0.351024,0.000439,0.351913
instagram.com,0.000525,0.239869,0.000433,0.240828
instagram.com,0.000551,0.246809,0.000454,0.247814
instagram.com,0.000562,0.242594,0.000435,0.243590
instagram.com,0.000578,0.239972,0.000484,0.241034
instagram.com,0.000608,0.259533,0.000463,0.260605
instagram.com,0.000620,0.241304,0.000411,0.242336
instagram.com,0.000532,0.404658,0.000430,0.405620
instagram.com,0.000613,0.255551,0.000432,0.256596
instagram.com,0.000517,0.338625,0.000490,0.339633
instagram.com,0.000602,0.362216,0.000427,0.363245
instagram.com,0.000572,0.322081,0.000430,0.323083
instagram.com,0.000606,0.284687,0.000489,0.285781
instagram.com,0.000608,0.370194,0.000435,0.371237
instagram.com,0.000568,0.275414,0.000434,0.276416
instagram.com,0.000618,0.239439,0.000437,0.240494
instagram.com,0.000617,0.255862,0.000428,0.256907
instagram.com,0.000604,0.266143,0.000457,0.267203
instagram.com,0.000567,0.358332,0.000428,0.359327
instagram.com,0.000580,0.239829,0.000458,0.240867
instagram.com,0.000453,0.241302,0.000494,0.242249
